customer_id,tenure_months,monthly_charges,support_tickets,late_payments,contract_type,churn
1,52,105.57,2,0,Month-to-month,0
2,15,103.02,3,0,Two year,0
3,61,59.72,3,0,One year,0
4,21,86.81,1,1,Month-to-month,0
5,24,40.5,3,1,Month-to-month,0
6,3,49.31,1,0,Month-to-month,0
7,22,109.63,3,1,Month-to-month,0
8,53,21.3,4,1,Month-to-month,0
9,2,28.55,2,2,Month-to-month,0
10,30,40.79,3,1,One year,0
11,38,22.65,3,0,Month-to-month,0
12,2,38.14,3,0,Month-to-month,0
13,64,78.3,3,1,Month-to-month,0
14,60,62.14,1,1,One year,0
15,21,109.27,0,0,Two year,0
16,33,101.74,4,4,Month-to-month,0
17,58,54.18,1,0,Month-to-month,0
18,22,45.94,2,1,Two year,0
19,49,57.97,1,2,Month-to-month,0
20,59,79.03,5,0,Month-to-month,0
21,42,46.81,1,2,Month-to-month,0
22,60,82.41,2,0,Month-to-month,0
23,15,60.94,2,3,Month-to-month,0
24,62,75.2,1,0,Two year,0
25,62,63.61,0,2,One year,0
26,47,49.45,0,3,Month-to-month,0
27,62,114.85,2,2,Two year,0
28,51,96.36,2,0,Month-to-month,0
29,55,34.01,3,1,Month-to-month,0
30,64,106.85,3,1,Month-to-month,0
31,3,68.74,0,0,One year,0
32,51,109.46,3,1,Month-to-month,0
33,7,99.99,1,2,Month-to-month,0
34,21,62.52,1,0,One year,0
35,39,22.25,3,1,One year,0
36,18,46.87,0,0,One year,0
37,4,74.16,1,3,Month-to-month,0
38,60,83.35,2,2,Month-to-month,0
39,14,45.79,2,1,Month-to-month,0
40,9,33.94,1,1,Month-to-month,0
41,53,103.49,1,0,Two year,0
42,2,118.44,0,0,Month-to-month,0
43,60,72.57,1,0,Month-to-month,0
44,71,37.17,2,1,One year,0
45,44,47.23,1,2,Month-to-month,0
46,8,21.84,4,0,Month-to-month,1
47,47,111.43,1,2,One year,0
48,35,31.78,3,3,Two year,0
49,36,77.65,1,1,One year,0
50,50,47.41,3,1,Month-to-month,0
51,4,75.42,0,0,Month-to-month,0
52,2,85.14,1,2,One year,0
53,6,102.97,2,2,Month-to-month,0
54,54,40.64,1,1,Month-to-month,0
55,4,21.1,2,2,Two year,0
56,54,33.69,2,1,Month-to-month,0
57,63,110.0,2,2,One year,0
58,18,107.39,4,0,Month-to-month,0
59,44,79.74,2,0,Month-to-month,0
60,34,80.05,3,0,Month-to-month,0
61,62,86.5,2,0,One year,0
62,14,37.54,1,2,Month-to-month,0
63,48,111.44,2,2,Month-to-month,0
64,15,61.88,4,2,One year,0
65,62,58.31,2,0,One year,0
66,40,71.89,0,1,Two year,0
67,53,24.7,3,0,Month-to-month,0
68,24,36.63,0,1,Month-to-month,0
69,26,93.8,5,1,Two year,0
70,60,28.28,2,1,One year,0
71,41,80.32,3,4,Month-to-month,0
72,29,44.53,2,0,Month-to-month,0
73,15,58.93,5,2,One year,0
74,45,48.87,2,1,Month-to-month,0
75,65,55.57,2,0,One year,0
76,71,91.9,1,1,Month-to-month,0
77,9,49.71,1,1,Month-to-month,0
78,1,76.64,6,0,One year,1
79,8,67.61,1,1,Month-to-month,0
80,63,86.37,2,1,Month-to-month,0
81,11,113.68,0,1,Month-to-month,0
82,8,93.26,4,3,Month-to-month,1
83,35,41.49,2,1,One year,0
84,35,23.12,3,1,One year,0
85,33,46.23,3,1,One year,0
86,5,79.51,3,2,Month-to-month,0
87,41,25.14,2,0,Month-to-month,0
88,28,69.64,1,2,Month-to-month,0
89,7,79.68,2,0,Two year,0
90,12,53.42,3,1,One year,0
91,34,97.09,3,0,One year,0
92,33,30.66,3,0,Month-to-month,0
93,48,27.51,2,1,Month-to-month,0
94,23,92.82,3,0,Month-to-month,0
95,62,69.55,2,2,Month-to-month,0
96,37,88.84,0,1,Month-to-month,0
97,44,63.48,4,0,Two year,0
98,35,44.64,3,0,Month-to-month,0
99,65,101.91,2,1,Month-to-month,0
100,47,99.94,3,0,Month-to-month,0
101,3,89.47,2,2,Two year,0
102,1,47.21,1,1,Month-to-month,0
103,5,79.02,4,1,One year,1
104,14,56.1,3,1,Two year,0
105,27,29.16,4,0,Month-to-month,0
106,9,111.73,1,0,One year,0
107,15,33.68,2,0,Month-to-month,0
108,42,115.02,1,0,Month-to-month,0
109,51,64.6,2,5,One year,0
110,63,38.51,1,0,One year,0
111,52,74.19,1,1,Month-to-month,0
112,4,107.29,5,1,Month-to-month,1
113,23,93.22,0,0,Month-to-month,0
114,15,100.66,2,0,Month-to-month,0
115,43,85.88,4,1,Month-to-month,0
116,29,89.23,2,2,Month-to-month,0
117,36,104.92,0,1,Month-to-month,0
118,13,44.97,5,0,One year,0
119,32,68.94,2,2,Month-to-month,0
120,71,42.12,4,0,Month-to-month,0
121,59,118.77,3,0,Month-to-month,0
122,28,114.41,1,1,Two year,0
123,66,23.94,2,1,Month-to-month,0
124,42,90.56,5,2,Month-to-month,0
125,45,112.52,1,0,Month-to-month,0
126,62,38.06,1,2,One year,0
127,57,76.79,1,3,Month-to-month,0
128,6,111.55,3,0,One year,0
129,28,23.39,2,0,Two year,0
130,28,89.74,1,0,One year,0
131,44,49.73,0,3,One year,0
132,30,112.44,1,0,Month-to-month,0
133,62,117.11,0,1,Month-to-month,0
134,62,114.43,3,0,Two year,0
135,1,67.42,2,1,Month-to-month,0
136,27,106.2,0,0,Month-to-month,0
137,62,104.45,1,1,One year,0
138,3,51.91,3,1,Month-to-month,0
139,70,102.89,2,0,Month-to-month,0
140,27,23.7,1,0,Month-to-month,0
141,9,79.63,3,1,Month-to-month,0
142,62,43.0,4,1,One year,0
143,37,32.06,0,0,Month-to-month,0
144,51,27.7,1,1,Month-to-month,0
145,44,89.63,1,1,Month-to-month,0
146,24,53.99,2,2,One year,0
147,59,92.48,2,1,One year,0
148,32,26.54,0,4,Month-to-month,0
149,52,51.53,2,1,One year,0
150,62,73.95,0,0,Month-to-month,0
151,58,99.07,4,3,Two year,0
152,52,51.88,1,2,Month-to-month,0
153,12,82.59,5,1,One year,0
154,39,108.6,1,0,Month-to-month,0
155,2,81.59,1,4,Month-to-month,0
156,3,43.3,0,1,Month-to-month,0
157,56,22.44,1,1,Two year,0
158,59,107.01,2,1,Month-to-month,0
159,2,22.13,0,0,Two year,0
160,2,107.47,3,1,Month-to-month,0
161,54,72.89,4,1,Month-to-month,0
162,1,113.91,2,1,Month-to-month,0
163,19,99.88,5,0,One year,0
164,2,119.79,2,0,Month-to-month,0
165,53,55.07,3,1,Two year,0
166,44,96.72,1,0,Two year,0
167,32,60.19,2,1,Two year,0
168,70,67.99,0,2,Month-to-month,0
169,32,82.75,3,2,One year,0
170,68,107.37,1,1,One year,0
171,55,118.41,3,1,Month-to-month,0
172,56,96.83,3,2,One year,0
173,17,61.78,1,1,Month-to-month,0
174,38,62.14,3,1,Month-to-month,0
175,24,93.76,0,3,Month-to-month,0
176,69,43.88,1,2,Month-to-month,0
177,70,31.05,0,2,Month-to-month,0
178,11,55.46,2,0,Month-to-month,0
179,16,48.72,1,2,One year,0
180,59,49.63,4,1,Month-to-month,0
181,70,43.36,3,1,Month-to-month,0
182,3,24.21,1,2,Month-to-month,0
183,20,21.79,1,2,Month-to-month,0
184,59,118.77,4,2,One year,0
185,36,62.78,1,0,Month-to-month,0
186,19,58.43,1,0,One year,0
187,67,87.96,1,0,Month-to-month,0
188,19,41.83,3,2,One year,0
189,20,115.0,1,0,Month-to-month,0
190,71,98.63,2,0,Month-to-month,0
191,52,28.94,5,1,One year,0
192,33,61.76,1,2,Month-to-month,0
193,40,107.91,2,2,One year,0
194,39,114.47,5,1,One year,0
195,1,66.74,1,0,Month-to-month,0
196,11,81.34,4,1,Month-to-month,1
197,57,36.7,4,0,Month-to-month,0
198,50,119.12,1,0,Two year,0
199,23,43.17,2,0,One year,0
200,31,114.27,3,1,Month-to-month,0
201,42,84.96,6,1,Month-to-month,0
202,7,80.77,0,1,Month-to-month,0
203,16,71.27,4,1,One year,0
204,60,43.07,3,2,Month-to-month,0
205,2,37.65,1,1,Month-to-month,0
206,1,42.05,4,1,Two year,1
207,48,38.64,1,1,Month-to-month,0
208,12,97.96,2,3,Month-to-month,0
209,69,55.01,1,1,Two year,0
210,37,25.78,4,1,One year,0
211,32,116.91,3,1,Month-to-month,0
212,9,108.38,6,0,Month-to-month,1
213,19,112.78,1,2,Month-to-month,0
214,48,119.49,2,1,Month-to-month,0
215,3,37.39,1,0,Two year,0
216,20,59.62,2,1,Month-to-month,0
217,24,95.82,3,0,One year,0
218,54,89.6,3,0,Two year,0
219,33,35.39,0,0,Month-to-month,0
220,24,101.58,1,0,Month-to-month,0
221,36,42.44,1,2,Month-to-month,0
222,38,42.38,4,2,Two year,0
223,25,73.7,1,2,One year,0
224,18,79.29,4,0,Month-to-month,0
225,66,78.01,0,2,One year,0
226,54,29.15,3,0,Month-to-month,0
227,35,107.75,1,1,Two year,0
228,61,46.56,2,2,Month-to-month,0
229,41,32.95,4,1,Month-to-month,0
230,33,108.87,2,1,Two year,0
231,68,115.57,1,3,Month-to-month,0
232,33,106.21,1,0,Month-to-month,0
233,14,100.95,2,2,Month-to-month,0
234,21,85.52,1,2,Month-to-month,0
235,48,75.09,2,1,Month-to-month,0
236,20,28.7,1,1,Two year,0
237,8,60.85,2,1,Month-to-month,0
238,7,57.27,0,2,Month-to-month,0
239,67,45.98,1,0,One year,0
240,17,92.34,4,1,Month-to-month,0
241,33,69.59,3,0,Month-to-month,0
242,48,28.1,2,1,One year,0
243,59,42.02,2,0,Two year,0
244,22,88.33,1,1,One year,0
245,30,27.61,5,2,One year,0
246,38,105.12,0,1,Month-to-month,0
247,51,69.51,2,2,Two year,0
248,54,68.06,3,1,Month-to-month,0
249,8,79.24,1,0,One year,0
250,27,102.47,2,1,Month-to-month,0
251,27,54.78,4,1,Two year,0
252,21,87.8,3,2,One year,0
253,30,76.57,2,0,One year,0
254,28,46.7,1,3,Month-to-month,0
255,64,107.86,3,1,Month-to-month,0
256,69,99.74,2,0,One year,0
257,61,85.85,1,1,One year,0
258,48,105.06,0,0,Month-to-month,0
259,19,106.73,0,1,Two year,0
260,4,90.84,2,0,Two year,0
261,35,103.7,0,1,Month-to-month,0
262,64,89.75,1,0,One year,0
263,49,88.01,0,0,Month-to-month,0
264,17,81.86,0,2,Month-to-month,0
265,44,95.27,2,2,Month-to-month,0
266,30,35.86,2,2,Month-to-month,0
267,46,108.09,4,0,One year,0
268,6,107.18,4,1,Month-to-month,1
269,37,22.92,0,2,One year,0
270,24,102.58,2,1,One year,0
271,46,32.89,1,2,One year,0
272,53,53.51,2,0,Month-to-month,0
273,60,94.35,1,1,Two year,0
274,63,36.08,0,0,Month-to-month,0
275,32,101.8,4,0,Month-to-month,0
276,33,103.21,4,1,Month-to-month,0
277,67,70.75,1,0,Month-to-month,0
278,18,20.64,1,0,Two year,0
279,25,48.7,3,0,Month-to-month,0
280,54,81.69,6,0,One year,0
281,58,118.12,1,1,Month-to-month,0
282,67,83.18,1,0,Month-to-month,0
283,46,45.98,3,0,Two year,0
284,24,83.4,3,2,One year,0
285,32,74.0,1,1,Month-to-month,0
286,47,97.98,2,0,Month-to-month,0
287,23,30.7,2,0,Month-to-month,0
288,66,96.1,1,0,Month-to-month,0
289,27,74.13,2,2,One year,0
290,2,116.3,2,1,One year,0
291,17,54.19,2,1,Month-to-month,0
292,33,83.26,2,0,Two year,0
293,9,113.2,2,1,Month-to-month,0
294,43,30.25,1,1,Month-to-month,0
295,48,113.72,1,2,Month-to-month,0
296,39,88.79,5,1,One year,0
297,42,26.78,3,1,Month-to-month,0
298,26,50.1,3,2,Month-to-month,0
299,50,90.82,1,3,Month-to-month,0
300,25,26.74,2,2,Month-to-month,0
301,24,78.22,7,1,One year,0
302,13,54.59,2,2,Month-to-month,0
303,60,82.09,2,1,Month-to-month,0
304,7,24.57,3,0,One year,0
305,57,107.15,0,0,Two year,0
306,36,117.35,2,1,Two year,0
307,45,116.89,2,0,Month-to-month,0
308,20,94.97,2,1,Month-to-month,0
309,65,33.01,1,0,Month-to-month,0
310,8,95.83,2,1,Month-to-month,0
311,16,22.46,1,3,Two year,0
312,14,22.21,2,3,Month-to-month,0
313,15,52.36,2,2,Month-to-month,0
314,66,68.86,5,1,Month-to-month,0
315,32,97.04,2,1,Month-to-month,0
316,63,88.33,2,1,One year,0
317,51,64.59,1,1,Month-to-month,0
318,25,47.36,1,1,Month-to-month,0
319,58,119.71,0,2,Month-to-month,0
320,63,62.62,0,0,Month-to-month,0
321,62,65.14,2,0,Month-to-month,0
322,22,36.36,4,2,One year,0
323,58,99.48,2,0,Month-to-month,0
324,58,89.37,5,3,One year,0
325,49,42.08,1,0,Two year,0
326,52,28.24,1,0,Two year,0
327,42,88.05,2,0,Two year,0
328,70,85.45,0,0,Month-to-month,0
329,15,47.33,0,0,Month-to-month,0
330,54,115.09,4,0,Month-to-month,0
331,60,35.11,3,1,Two year,0
332,8,63.23,1,2,Two year,0
333,53,114.36,2,0,Two year,0
334,60,61.97,0,1,Month-to-month,0
335,5,83.85,0,1,Two year,0
336,68,59.76,1,1,Month-to-month,0
337,6,47.42,2,0,Month-to-month,0
338,47,118.4,2,1,Month-to-month,0
339,55,60.93,1,5,Month-to-month,0
340,40,109.41,0,2,Month-to-month,0
341,52,43.0,3,0,Month-to-month,0
342,16,41.31,3,3,Month-to-month,0
343,13,23.11,3,0,One year,0
344,30,85.17,5,0,Two year,0
345,19,56.85,2,2,One year,0
346,17,106.44,2,0,Month-to-month,0
347,63,67.32,3,1,One year,0
348,19,116.82,2,2,Two year,0
349,58,38.55,2,1,Month-to-month,0
350,55,106.86,2,1,Month-to-month,0
351,62,97.66,6,1,Month-to-month,0
352,23,97.09,4,2,Month-to-month,0
353,9,104.48,1,0,One year,0
354,12,96.1,6,0,Two year,0
355,1,82.62,1,0,Month-to-month,0
356,58,33.12,3,1,One year,0
357,1,23.25,1,3,Two year,0
358,34,112.08,3,1,Two year,0
359,48,81.67,4,2,Month-to-month,0
360,1,99.65,3,1,Two year,0
361,16,68.15,3,1,Month-to-month,0
362,61,31.73,2,1,Month-to-month,0
363,64,32.52,4,0,Month-to-month,0
364,63,88.56,4,3,Month-to-month,0
365,69,63.03,1,2,One year,0
366,22,40.05,2,1,Month-to-month,0
367,67,69.16,2,2,Month-to-month,0
368,26,26.42,2,0,Month-to-month,0
369,16,78.2,2,0,One year,0
370,51,46.9,2,0,Month-to-month,0
371,57,99.76,4,2,One year,0
372,29,51.04,1,0,Month-to-month,0
373,69,65.52,1,2,Month-to-month,0
374,47,21.16,1,0,Month-to-month,0
375,62,27.24,2,1,Month-to-month,0
376,69,59.25,1,0,Month-to-month,0
377,16,67.99,1,2,Month-to-month,0
378,48,80.0,3,2,Two year,0
379,39,49.17,2,0,One year,0
380,33,89.5,1,0,Month-to-month,0
381,23,106.01,1,0,Month-to-month,0
382,10,97.99,3,3,Two year,0
383,69,23.96,0,0,Month-to-month,0
384,34,68.05,2,0,Month-to-month,0
385,52,30.49,3,2,One year,0
386,10,44.2,0,3,One year,0
387,19,118.67,3,2,Month-to-month,0
388,58,34.25,2,1,Month-to-month,0
389,1,69.89,3,1,Month-to-month,0
390,69,81.82,2,1,One year,0
391,4,90.25,2,1,Month-to-month,0
392,16,75.96,3,0,Month-to-month,0
393,24,20.98,2,2,Month-to-month,0
394,2,52.65,3,0,Month-to-month,0
395,32,71.77,2,2,Two year,0
396,24,28.79,0,0,One year,0
397,12,55.06,1,1,One year,0
398,50,23.32,3,0,Month-to-month,0
399,35,27.86,2,2,Month-to-month,0
400,33,59.69,3,0,Month-to-month,0
401,33,33.27,1,1,Month-to-month,0
402,61,76.75,2,1,Two year,0
403,51,88.95,0,0,Month-to-month,0
404,43,100.06,1,0,Month-to-month,0
405,12,40.02,1,1,Month-to-month,0
406,67,36.75,0,1,One year,0
407,65,30.46,4,1,Month-to-month,0
408,33,83.64,6,2,Month-to-month,0
409,40,90.65,4,3,Month-to-month,0
410,43,23.16,3,0,Two year,0
411,44,113.62,1,0,Month-to-month,0
412,29,25.2,4,0,Two year,0
413,13,74.13,2,0,One year,0
414,12,90.91,3,0,Month-to-month,0
415,46,107.1,2,0,One year,0
416,2,91.41,0,1,Month-to-month,0
417,35,100.17,2,0,Two year,0
418,8,53.95,2,0,Month-to-month,0
419,26,101.48,3,1,Month-to-month,0
420,34,28.01,1,0,Month-to-month,0
421,7,109.48,0,0,Month-to-month,0
422,68,74.76,1,2,Two year,0
423,58,101.73,3,1,Month-to-month,0
424,29,65.23,1,2,One year,0
425,36,84.36,1,0,Month-to-month,0
426,21,72.64,2,0,Two year,0
427,36,93.16,5,2,Month-to-month,0
428,10,28.16,4,2,Month-to-month,1
429,24,26.04,2,4,Month-to-month,0
430,64,44.71,2,0,One year,0
431,49,35.95,5,1,Month-to-month,0
432,36,107.18,1,2,Month-to-month,0
433,24,41.92,2,1,Month-to-month,0
434,23,117.59,1,1,One year,0
435,62,53.69,3,3,Month-to-month,0
436,37,38.21,0,2,Month-to-month,0
437,12,98.97,0,0,Month-to-month,0
438,55,85.87,2,0,Two year,0
439,13,69.82,1,3,Two year,0
440,23,75.54,1,1,Month-to-month,0
441,30,91.92,2,1,Month-to-month,0
442,17,42.85,1,0,Month-to-month,0
443,62,119.63,2,1,Month-to-month,0
444,13,117.48,2,1,Month-to-month,0
445,59,85.03,3,1,One year,0
446,19,39.95,3,0,Month-to-month,0
447,49,88.02,1,1,Two year,0
448,12,27.22,1,2,Month-to-month,0
449,61,23.07,1,0,One year,0
450,19,45.77,2,3,Month-to-month,0
451,9,66.26,2,1,Month-to-month,0
452,71,106.83,1,2,Month-to-month,0
453,28,92.72,1,0,Month-to-month,0
454,52,94.27,3,0,Month-to-month,0
455,16,62.55,1,0,One year,0
456,69,54.59,5,1,Two year,0
457,12,57.1,2,0,Month-to-month,0
458,25,118.76,3,0,Month-to-month,0
459,52,24.01,0,2,Month-to-month,0
460,53,106.7,3,0,Month-to-month,0
461,23,77.87,0,2,Month-to-month,0
462,16,63.86,4,0,One year,0
463,57,92.53,1,0,Two year,0
464,39,68.67,2,0,Two year,0
465,53,107.34,3,2,Month-to-month,0
466,42,110.07,1,2,Two year,0
467,58,62.17,0,1,One year,0
468,39,47.68,2,0,Month-to-month,0
469,14,79.24,2,1,Month-to-month,0
470,5,111.24,2,0,One year,0
471,35,41.07,0,2,Month-to-month,0
472,18,82.3,3,1,Month-to-month,0
473,9,83.16,5,3,Month-to-month,1
474,58,93.31,1,2,Month-to-month,0
475,17,33.16,2,0,Month-to-month,0
476,7,91.58,2,0,Two year,0
477,46,110.9,6,0,One year,0
478,13,37.97,1,1,One year,0
479,40,43.75,2,0,Month-to-month,0
480,42,117.14,1,1,One year,0
481,9,38.1,1,1,Month-to-month,0
482,50,105.44,2,3,Month-to-month,0
483,27,69.23,0,1,Month-to-month,0
484,66,44.72,4,0,Month-to-month,0
485,5,107.07,2,0,Month-to-month,0
486,29,64.53,3,1,Month-to-month,0
487,37,71.48,1,1,Month-to-month,0
488,38,55.92,1,1,Month-to-month,0
489,8,79.3,3,1,Two year,0
490,65,36.35,2,0,Month-to-month,0
491,17,59.11,2,2,One year,0
492,71,116.94,0,0,Month-to-month,0
493,45,45.81,1,2,Month-to-month,0
494,4,85.67,2,0,Two year,0
495,36,52.52,0,2,Month-to-month,0
496,70,97.35,4,1,Month-to-month,0
497,31,33.09,5,1,One year,0
498,19,116.98,0,2,Month-to-month,0
499,61,65.38,0,3,One year,0
500,54,43.61,6,2,Month-to-month,0
501,39,27.35,0,0,Month-to-month,0
502,19,36.98,1,1,Month-to-month,0
503,39,71.98,0,1,Month-to-month,0
504,67,53.7,3,2,Two year,0
505,45,102.89,2,1,One year,0
506,13,63.09,3,1,Month-to-month,0
507,58,44.87,5,1,Month-to-month,0
508,20,81.71,5,1,One year,0
509,61,90.68,2,0,Month-to-month,0
510,39,36.7,3,2,Month-to-month,0
511,1,36.76,6,1,Month-to-month,1
512,3,23.67,3,0,Month-to-month,0
513,62,93.64,2,2,One year,0
514,63,86.38,3,1,Two year,0
515,25,67.46,1,1,Month-to-month,0
516,56,104.42,1,1,Month-to-month,0
517,33,100.57,4,3,Month-to-month,0
518,38,78.54,0,1,Month-to-month,0
519,6,106.83,6,0,Month-to-month,1
520,58,40.58,2,0,One year,0
521,44,31.19,3,2,Month-to-month,0
522,45,46.97,2,1,Month-to-month,0
523,32,25.71,0,0,Month-to-month,0
524,45,73.12,1,0,Month-to-month,0
525,61,113.66,4,1,Month-to-month,0
526,47,23.93,3,0,One year,0
527,21,32.21,3,2,Month-to-month,0
528,36,65.22,5,0,One year,0
529,19,113.39,1,0,Month-to-month,0
530,20,51.62,4,2,Month-to-month,0
531,57,70.72,1,0,Month-to-month,0
532,18,24.16,1,2,Month-to-month,0
533,47,34.83,1,1,Month-to-month,0
534,49,118.66,0,1,Month-to-month,0
535,14,116.51,1,1,One year,0
536,15,20.49,4,2,One year,0
537,31,115.18,2,3,Month-to-month,0
538,1,83.91,1,3,Month-to-month,0
539,54,106.79,1,2,Month-to-month,0
540,3,65.47,1,1,Month-to-month,0
541,16,71.56,2,0,Month-to-month,0
542,57,68.88,2,1,Two year,0
543,12,86.69,0,1,Month-to-month,0
544,16,33.97,2,1,Month-to-month,0
545,24,23.0,1,0,Month-to-month,0
546,28,50.79,2,0,Month-to-month,0
547,8,90.47,2,2,One year,0
548,36,40.19,0,1,Month-to-month,0
549,8,87.34,2,1,Month-to-month,0
550,58,116.99,0,1,One year,0
551,60,29.39,3,1,Month-to-month,0
552,50,87.26,4,2,One year,0
553,28,64.38,4,1,Month-to-month,0
554,41,106.81,3,2,Month-to-month,0
555,64,37.71,3,2,One year,0
556,27,89.26,2,1,Month-to-month,0
557,63,103.81,0,3,Month-to-month,0
558,17,114.46,2,1,Month-to-month,0
559,33,88.32,3,0,Month-to-month,0
560,29,69.72,1,1,One year,0
561,13,81.78,2,0,Two year,0
562,46,106.89,1,1,Two year,0
563,35,77.06,1,1,One year,0
564,6,23.04,2,0,Month-to-month,0
565,69,113.09,3,0,Month-to-month,0
566,47,88.95,2,1,Month-to-month,0
567,25,87.65,0,1,Month-to-month,0
568,66,41.57,3,1,Month-to-month,0
569,10,85.89,2,1,Two year,0
570,56,59.39,2,1,Month-to-month,0
571,30,85.12,0,2,Month-to-month,0
572,5,30.66,4,2,Month-to-month,1
573,33,85.78,2,1,One year,0
574,65,119.94,2,2,One year,0
575,18,24.82,1,3,One year,0
576,49,117.72,2,2,Month-to-month,0
577,11,60.69,2,2,One year,0
578,26,107.08,2,2,Month-to-month,0
579,63,98.24,4,1,Two year,0
580,59,76.7,0,1,Month-to-month,0
581,27,93.84,1,0,Month-to-month,0
582,49,107.85,4,2,Month-to-month,0
583,33,60.41,0,0,One year,0
584,1,52.7,0,0,Month-to-month,0
585,21,86.76,3,1,Two year,0
586,55,100.78,0,0,Month-to-month,0
587,6,96.23,1,1,Month-to-month,0
588,69,99.78,0,0,Month-to-month,0
589,5,63.56,1,0,Month-to-month,0
590,3,101.78,2,1,Month-to-month,0
591,53,32.02,2,0,Month-to-month,0
592,23,74.45,1,2,One year,0
593,53,20.58,2,0,Month-to-month,0
594,37,52.46,3,0,Two year,0
595,17,56.65,0,1,Month-to-month,0
596,1,59.62,3,0,One year,0
597,51,89.55,1,1,Month-to-month,0
598,45,58.86,4,1,Month-to-month,0
599,4,64.87,5,0,Month-to-month,1
600,62,43.75,1,1,Month-to-month,0
601,65,57.33,1,1,Two year,0
602,32,42.73,4,1,Month-to-month,0
603,34,27.32,1,1,Month-to-month,0
604,39,80.34,1,1,Two year,0
605,26,86.82,3,1,Month-to-month,0
606,34,81.95,2,0,One year,0
607,54,66.35,0,1,Month-to-month,0
608,3,57.98,1,0,One year,0
609,50,106.33,2,2,Month-to-month,0
610,12,71.91,1,2,Month-to-month,0
611,65,67.92,4,3,Month-to-month,0
612,54,22.56,3,1,Two year,0
613,5,54.12,0,0,Month-to-month,0
614,57,58.02,2,0,Month-to-month,0
615,17,59.88,4,3,One year,0
616,47,78.02,2,0,Two year,0
617,23,73.36,1,0,One year,0
618,14,80.79,2,0,Two year,0
619,66,96.49,2,1,Month-to-month,0
620,51,101.3,2,1,Month-to-month,0
621,38,91.81,1,0,One year,0
622,64,115.55,0,0,One year,0
623,38,21.82,3,2,Month-to-month,0
624,50,39.58,6,2,Month-to-month,0
625,30,20.76,1,0,One year,0
626,51,84.75,2,2,Month-to-month,0
627,63,109.8,2,1,Month-to-month,0
628,52,44.35,2,2,Month-to-month,0
629,38,112.7,2,1,Month-to-month,0
630,30,26.03,2,0,One year,0
631,51,113.44,1,0,Month-to-month,0
632,5,55.16,4,0,One year,1
633,29,30.14,3,2,Month-to-month,0
634,4,68.59,0,1,Month-to-month,0
635,10,45.68,2,0,One year,0
636,56,48.49,2,0,Month-to-month,0
637,17,50.73,3,1,Month-to-month,0
638,17,100.3,1,1,Month-to-month,0
639,69,73.92,2,1,Month-to-month,0
640,34,51.13,0,0,Month-to-month,0
641,6,81.03,3,0,One year,0
642,53,91.62,3,1,One year,0
643,66,47.26,2,2,One year,0
644,43,61.35,0,1,Month-to-month,0
645,23,32.19,3,0,Month-to-month,0
646,55,38.11,2,0,Month-to-month,0
647,16,88.11,4,1,Month-to-month,0
648,8,38.14,1,0,Month-to-month,0
649,4,72.52,3,1,Month-to-month,0
650,4,90.9,2,2,Two year,0
651,56,30.69,4,0,Month-to-month,0
652,25,76.73,0,0,Month-to-month,0
653,67,45.66,2,2,One year,0
654,67,116.29,1,2,Month-to-month,0
655,27,68.35,1,0,One year,0
656,32,100.6,1,1,One year,0
657,50,75.02,0,0,Two year,0
658,61,24.34,1,1,Month-to-month,0
659,51,83.32,2,2,One year,0
660,19,115.14,3,1,Month-to-month,0
661,21,80.16,5,0,One year,0
662,5,101.92,3,1,Month-to-month,0
663,42,108.42,2,1,Month-to-month,0
664,61,42.81,4,1,Month-to-month,0
665,22,41.2,3,2,Month-to-month,0
666,21,81.1,2,0,One year,0
667,70,61.1,1,1,One year,0
668,1,103.99,1,2,One year,0
669,5,110.0,4,0,Month-to-month,1
670,12,55.34,5,0,One year,0
671,46,43.69,1,1,Month-to-month,0
672,34,98.05,3,2,Two year,0
673,49,47.48,2,2,Two year,0
674,45,102.26,1,0,Month-to-month,0
675,27,62.37,2,1,One year,0
676,26,86.75,1,2,Month-to-month,0
677,47,29.55,2,2,Month-to-month,0
678,56,82.39,1,2,Month-to-month,0
679,63,65.18,0,1,Month-to-month,0
680,48,78.66,2,2,One year,0
681,61,36.8,1,1,Month-to-month,0
682,26,93.69,2,0,Month-to-month,0
683,36,106.28,3,0,Month-to-month,0
684,1,41.67,0,1,One year,0
685,8,29.57,0,2,Two year,0
686,52,22.36,2,0,One year,0
687,47,84.2,1,0,One year,0
688,56,80.71,2,1,Month-to-month,0
689,14,74.67,3,4,Month-to-month,0
690,28,43.19,2,0,Month-to-month,0
691,2,59.09,3,1,Month-to-month,0
692,26,79.45,3,1,One year,0
693,14,69.68,3,1,Month-to-month,0
694,59,118.78,2,1,One year,0
695,56,33.64,0,0,Month-to-month,0
696,7,89.51,2,1,Month-to-month,0
697,3,60.43,2,2,Month-to-month,0
698,23,62.82,2,1,One year,0
699,18,91.76,3,2,One year,0
700,38,89.24,1,2,Two year,0
701,15,119.13,2,2,Month-to-month,0
702,64,32.84,0,2,Two year,0
703,28,30.41,0,0,Month-to-month,0
704,39,92.43,2,1,Month-to-month,0
705,57,77.84,3,1,Two year,0
706,17,47.42,1,2,Month-to-month,0
707,44,27.94,1,1,One year,0
708,25,28.57,4,0,Month-to-month,0
709,17,109.42,1,2,Month-to-month,0
710,13,39.19,2,1,Two year,0
711,25,52.34,0,0,Month-to-month,0
712,68,42.67,4,0,One year,0
713,10,55.5,3,3,Month-to-month,0
714,67,26.94,2,0,One year,0
715,18,71.91,2,1,Month-to-month,0
716,34,26.76,3,1,Month-to-month,0
717,8,100.04,3,0,Month-to-month,0
718,40,43.37,1,0,Month-to-month,0
719,42,74.0,3,2,Two year,0
720,41,108.01,3,0,Month-to-month,0
721,6,85.09,0,0,Month-to-month,0
722,52,73.3,4,2,Month-to-month,0
723,26,52.43,4,0,Month-to-month,0
724,64,53.3,2,1,One year,0
725,59,86.95,2,0,Two year,0
726,56,119.41,2,1,Month-to-month,0
727,59,86.18,0,0,Two year,0
728,70,75.78,2,2,Month-to-month,0
729,33,93.07,2,1,Month-to-month,0
730,53,66.52,3,0,One year,0
731,22,26.01,0,3,Month-to-month,0
732,21,76.23,1,1,One year,0
733,70,115.76,3,3,Two year,0
734,70,37.53,3,2,Month-to-month,0
735,4,89.0,4,0,Two year,1
736,62,40.09,0,1,One year,0
737,62,73.58,3,1,Month-to-month,0
738,24,29.67,1,1,One year,0
739,55,65.04,2,0,Month-to-month,0
740,9,95.62,5,2,Two year,1
741,3,54.76,0,0,One year,0
742,31,86.49,1,2,Month-to-month,0
743,40,99.54,3,0,Month-to-month,0
744,36,112.72,3,4,One year,0
745,24,43.46,1,1,Month-to-month,0
746,6,59.93,0,0,Month-to-month,0
747,66,35.24,3,1,Month-to-month,0
748,4,119.25,3,2,Month-to-month,0
749,6,112.7,0,1,Month-to-month,0
750,51,74.0,2,1,Month-to-month,0
751,62,104.2,0,2,Month-to-month,0
752,57,72.1,4,1,One year,0
753,66,82.36,0,2,Month-to-month,0
754,8,28.91,2,1,Month-to-month,0
755,26,95.53,1,1,Month-to-month,0
756,51,32.77,0,1,Month-to-month,0
757,45,102.61,1,0,Month-to-month,0
758,44,98.2,2,2,Month-to-month,0
759,5,90.87,5,0,Month-to-month,1
760,70,23.62,1,1,One year,0
761,26,50.31,3,0,One year,0
762,68,46.31,1,1,One year,0
763,19,56.01,5,2,One year,0
764,20,28.76,2,2,One year,0
765,12,113.7,0,0,Month-to-month,0
766,47,75.38,1,1,One year,0
767,1,50.55,2,2,Month-to-month,0
768,14,59.7,0,3,One year,0
769,64,64.72,1,2,One year,0
770,38,80.06,3,1,Month-to-month,0
771,37,71.57,0,0,Month-to-month,0
772,11,111.94,0,1,Month-to-month,0
773,3,69.7,2,0,One year,0
774,33,119.22,2,1,One year,0
775,6,105.14,2,1,Two year,0
776,50,40.85,4,2,Month-to-month,0
777,10,113.06,3,3,One year,0
778,5,31.64,1,0,Month-to-month,0
779,23,101.74,3,1,Two year,0
780,10,58.06,1,1,Month-to-month,0
781,44,107.8,3,0,Month-to-month,0
782,2,106.81,3,0,Month-to-month,0
783,13,100.59,2,0,One year,0
784,40,99.0,3,2,Two year,0
785,2,50.47,2,1,Month-to-month,0
786,65,28.09,3,1,Month-to-month,0
787,63,60.3,1,4,Two year,0
788,17,37.35,3,3,Month-to-month,0
789,9,89.5,2,0,One year,0
790,15,54.61,4,1,Month-to-month,0
791,24,117.56,3,1,Month-to-month,0
792,38,84.1,1,1,One year,0
793,35,102.25,1,0,One year,0
794,49,33.25,2,2,Month-to-month,0
795,69,106.2,4,1,Month-to-month,0
796,62,112.28,2,1,One year,0
797,60,68.71,3,1,Month-to-month,0
798,50,80.63,1,1,Two year,0
799,9,96.48,2,1,Month-to-month,0
800,34,37.48,4,0,Month-to-month,0
801,35,70.26,4,1,Two year,0
802,1,59.87,1,0,One year,0
803,40,34.64,3,1,Month-to-month,0
804,64,56.75,0,0,One year,0
805,22,26.82,2,4,Month-to-month,0
806,60,22.58,5,0,Month-to-month,0
807,64,33.52,1,3,Two year,0
808,11,116.31,2,0,One year,0
809,14,74.95,2,3,One year,0
810,60,116.58,0,0,Month-to-month,0
811,30,63.25,3,0,Month-to-month,0
812,35,51.18,1,1,Month-to-month,0
813,37,70.61,4,0,Month-to-month,0
814,5,63.95,5,1,One year,1
815,26,30.57,3,1,Month-to-month,0
816,62,84.08,2,4,One year,0
817,4,41.6,0,0,Month-to-month,0
818,42,81.96,3,0,Month-to-month,0
819,18,85.02,1,2,Month-to-month,0
820,40,35.2,1,1,Month-to-month,0
821,39,26.13,1,2,Month-to-month,0
822,14,98.08,1,1,Two year,0
823,32,65.98,2,1,Month-to-month,0
824,51,25.82,2,0,Two year,0
825,38,119.49,1,1,Month-to-month,0
826,23,25.78,0,1,Two year,0
827,63,89.5,5,0,Month-to-month,0
828,15,118.37,0,2,Two year,0
829,25,43.92,0,0,Month-to-month,0
830,17,34.22,1,2,One year,0
831,66,32.14,1,0,Two year,0
832,53,50.33,3,0,Month-to-month,0
833,51,30.1,1,1,Month-to-month,0
834,39,89.22,0,0,Month-to-month,0
835,51,26.23,1,2,Two year,0
836,70,70.94,4,1,Month-to-month,0
837,6,119.67,2,0,Month-to-month,0
838,67,101.4,0,0,Month-to-month,0
839,7,81.52,3,1,Month-to-month,0
840,51,50.63,1,2,One year,0
841,42,82.39,1,1,Month-to-month,0
842,64,72.7,0,3,One year,0
843,15,62.61,3,1,Two year,0
844,29,33.07,1,1,Month-to-month,0
845,33,108.66,0,0,One year,0
846,27,64.98,2,1,Month-to-month,0
847,36,39.46,3,0,One year,0
848,29,56.78,1,1,Month-to-month,0
849,38,61.41,5,1,One year,0
850,57,102.75,3,0,Month-to-month,0
851,27,93.36,3,0,Month-to-month,0
852,55,96.93,4,2,Month-to-month,0
853,33,21.1,1,1,Month-to-month,0
854,68,61.62,2,2,One year,0
855,66,68.13,2,0,Month-to-month,0
856,10,21.92,2,2,One year,0
857,5,45.98,2,2,Month-to-month,0
858,38,96.03,3,0,One year,0
859,13,33.71,3,0,Month-to-month,0
860,31,73.53,2,1,Month-to-month,0
861,47,41.52,3,1,Month-to-month,0
862,52,21.21,1,1,One year,0
863,56,44.12,3,1,Month-to-month,0
864,15,117.59,5,2,Two year,0
865,29,100.15,0,2,Two year,0
866,8,115.96,1,1,Month-to-month,0
867,5,68.79,2,0,One year,0
868,29,30.97,0,1,Month-to-month,0
869,47,74.8,2,1,Month-to-month,0
870,68,65.44,0,2,One year,0
871,45,104.44,2,1,One year,0
872,2,29.81,1,2,One year,0
873,27,68.82,3,0,Month-to-month,0
874,36,35.0,2,2,Month-to-month,0
875,36,52.47,5,2,Month-to-month,0
876,26,93.74,3,1,One year,0
877,43,67.6,1,0,Month-to-month,0
878,27,57.59,1,0,One year,0
879,69,59.45,3,1,Month-to-month,0
880,20,65.94,0,0,Month-to-month,0
881,11,98.5,0,0,Month-to-month,0
882,38,109.21,1,0,Month-to-month,0
883,6,115.53,1,1,Month-to-month,0
884,23,98.69,2,0,One year,0
885,47,51.54,4,3,Two year,0
886,46,88.81,2,1,Month-to-month,0
887,12,63.76,6,0,Month-to-month,0
888,13,45.47,1,0,Month-to-month,0
889,62,104.09,2,1,Two year,0
890,60,23.84,1,0,Month-to-month,0
891,43,110.18,3,0,Two year,0
892,68,66.15,3,2,Month-to-month,0
893,5,83.72,2,1,Month-to-month,0
894,37,85.94,4,1,Two year,0
895,31,109.51,2,1,Month-to-month,0
896,9,83.67,3,1,Month-to-month,0
897,51,81.39,2,1,Month-to-month,0
898,29,26.67,2,1,Month-to-month,0
899,40,71.84,1,1,Month-to-month,0
900,41,35.02,3,2,One year,0
901,11,93.74,3,2,One year,0
902,23,71.22,2,1,Month-to-month,0
903,1,88.02,0,2,Two year,0
904,46,24.17,1,0,Month-to-month,0
905,21,28.48,1,2,Month-to-month,0
906,36,91.63,5,1,Month-to-month,0
907,54,27.21,1,1,Month-to-month,0
908,57,27.13,3,0,Month-to-month,0
909,1,21.21,2,3,Two year,0
910,63,115.65,3,0,Month-to-month,0
911,54,93.75,4,1,Month-to-month,0
912,55,55.33,3,0,Month-to-month,0
913,40,49.65,3,1,One year,0
914,15,54.97,2,1,Two year,0
915,21,97.47,3,1,Month-to-month,0
916,47,86.14,2,0,Month-to-month,0
917,53,38.52,2,0,Month-to-month,0
918,9,37.41,5,2,Month-to-month,1
919,52,29.84,4,0,Month-to-month,0
920,57,86.03,1,1,Month-to-month,0
921,26,96.44,2,0,Month-to-month,0
922,41,46.5,3,2,Month-to-month,0
923,35,22.09,2,0,Month-to-month,0
924,63,28.22,2,1,Two year,0
925,25,116.79,0,0,Two year,0
926,38,49.54,3,2,Month-to-month,0
927,2,96.92,2,2,Month-to-month,0
928,7,82.47,3,2,Month-to-month,0
929,34,58.19,2,1,Month-to-month,0
930,17,40.57,3,0,One year,0
931,43,32.14,2,0,Month-to-month,0
932,59,81.5,2,2,Two year,0
933,51,97.46,2,1,Two year,0
934,54,84.39,3,0,Month-to-month,0
935,24,73.03,2,0,Month-to-month,0
936,25,24.2,1,0,Month-to-month,0
937,71,116.85,1,0,Month-to-month,0
938,52,99.87,3,3,Month-to-month,0
939,70,49.28,0,1,Month-to-month,0
940,33,118.0,0,0,Two year,0
941,49,80.19,3,2,Month-to-month,0
942,29,78.24,2,1,Month-to-month,0
943,63,94.81,2,1,One year,0
944,22,101.18,0,1,One year,0
945,26,85.65,2,0,Month-to-month,0
946,28,32.81,1,1,Two year,0
947,49,53.83,2,0,Month-to-month,0
948,71,112.81,3,5,Month-to-month,0
949,49,42.46,1,1,Month-to-month,0
950,20,57.22,5,1,Month-to-month,0
951,63,63.21,1,1,One year,0
952,61,63.94,2,1,One year,0
953,49,81.29,2,0,One year,0
954,71,114.31,1,1,Month-to-month,0
955,1,44.07,3,0,Month-to-month,0
956,13,32.15,1,0,Month-to-month,0
957,51,39.75,1,1,Month-to-month,0
958,56,108.69,1,2,One year,0
959,62,84.58,1,0,One year,0
960,32,48.59,4,0,Month-to-month,0
961,30,101.59,0,1,Month-to-month,0
962,29,106.14,1,0,Month-to-month,0
963,49,104.65,1,2,Month-to-month,0
964,45,111.89,1,0,Month-to-month,0
965,30,45.22,1,3,Month-to-month,0
966,16,95.5,1,3,Month-to-month,0
967,40,66.05,0,1,Month-to-month,0
968,19,104.2,3,0,Month-to-month,0
969,18,92.85,0,1,Month-to-month,0
970,1,97.64,3,1,One year,0
971,47,85.62,1,3,Month-to-month,0
972,66,37.74,6,0,Two year,0
973,38,74.5,1,1,Month-to-month,0
974,51,118.47,2,2,Month-to-month,0
975,63,113.74,1,0,Month-to-month,0
976,4,24.32,1,0,Month-to-month,0
977,1,36.48,4,1,One year,1
978,8,33.17,1,1,Month-to-month,0
979,29,92.6,2,1,Two year,0
980,55,101.78,3,0,Two year,0
981,3,41.35,0,3,Month-to-month,0
982,32,70.59,1,0,Month-to-month,0
983,10,104.07,1,1,One year,0
984,34,93.28,1,2,Month-to-month,0
985,55,74.22,3,2,One year,0
986,32,79.03,1,1,Month-to-month,0
987,50,70.84,2,1,Month-to-month,0
988,7,49.75,3,2,Month-to-month,0
989,8,76.5,1,0,Month-to-month,0
990,65,88.89,2,1,Two year,0
991,57,107.33,3,2,Month-to-month,0
992,67,83.63,1,0,One year,0
993,59,96.11,2,1,Month-to-month,0
994,54,36.01,3,1,Month-to-month,0
995,67,66.16,2,0,Month-to-month,0
996,51,20.93,0,3,Month-to-month,0
997,8,44.67,3,0,Month-to-month,0
998,34,92.65,2,0,Month-to-month,0
999,35,119.18,2,1,One year,0
1000,32,29.92,0,2,Month-to-month,0
